Period,Total Attendances,Number of patients spending >4 hours from decision to admit to admission,Total Emergency Admissions
2010-08-01,1752381.0,3697.0,425702.0
2010-09-01,1756268.0,5907.0,424900.0
2010-10-01,1801348.0,6932.0,436215.0
2010-11-01,1651027.42857143,7179.0,429099.0
2010-12-01,1737741.14285714,13818.1428571429,452728.714285714
2011-01-01,1727796.71428571,13162.0,442003.714285714
2011-02-01,1599364.0,7872.42857142858,401206.428571429
2011-03-01,1863441.0,8602.14285714286,446845.571428571
2011-04-01,1844374.85714286,7530.57142857142,419243.285714286
2011-05-01,1873695.14285714,7308.57142857143,427276.571428571
2011-06-01,1785417.28571429,7059.57142857143,413320.857142858
2011-07-01,1864959.42857143,5644.57142857143,425797.857142857
2011-08-01,1758108.28571429,4990.28571428572,410554.285714286
2011-09-01,1781210.57142857,7459.71428571429,410760.857142857
2011-10-01,1848912.42857143,9078.14285714286,435080.142857143
2011-11-01,1741440.85714286,8940.71428571428,424887.0
2011-12-01,1732045.85714286,10945.8571428571,441655.285714286
2012-01-01,1737518.0,14146.5714285714,436198.857142857
2012-02-01,1704231.71428571,15698.4285714286,420552.571428571
2012-03-01,1933152.85714286,10198.7142857143,454396.0
2012-04-01,1769523.28571429,10131.7142857143,424128.857142857
2012-05-01,1929570.42857143,8680.57142857143,443877.428571429
2012-06-01,1887841.28571429,8409.28571428571,426005.714285714
2012-07-01,1924523.28571429,7264.85714285714,444955.0
2012-08-01,1845142.28571429,7127.85714285714,425172.571428571
2012-09-01,1788490.85714286,9022.28571428571,421778.428571428
2012-10-01,1832304.28571429,11088.7142857143,446302.714285714
2012-11-01,1755605.14285714,11561.0,435309.571428572
2012-12-01,1822425.57142857,16505.1428571429,451180.714285714
2013-01-01,1733118.42857143,19709.2857142857,437210.0
2013-02-01,1648748.42857143,18973.7142857143,404950.714285714
2013-03-01,1865084.14285714,24395.1428571429,453638.285714286
2013-04-01,1831420.42857143,23485.4285714286,429244.714285714
2013-05-01,1891670.28571429,9651.85714285714,437698.142857143
2013-06-01,1831036.28571428,8381.71428571429,423199.142857143
2013-07-01,1976288.85714286,9303.14285714286,443851.142857143
2013-08-01,1840591.14285714,10438.5714285714,426909.0
2013-09-01,1768748.71428571,13382.7142857143,427778.571428571
2013-10-01,1829429.28571428,13851.7142857143,449631.285714286
2013-11-01,1733036.57142857,11903.5714285714,441624.285714286
2013-12-01,1782029.14285714,15115.4285714286,462417.714285714
2014-01-01,1739538.85714286,19000.8571428571,457387.857142857
2014-02-01,1661814.42857143,19236.4285714286,420487.142857143
2014-03-01,1957340.85714286,15130.0,467851.285714286
2014-04-01,1877675.85714286,15829.2857142857,448681.571428571
2014-05-01,1978028.42857143,17822.4285714286,466071.0
2014-06-01,1942268.0,14724.1428571429,450817.285714286
2014-07-01,1993630.85714286,16615.7142857143,463122.142857143
2014-08-01,1817310.0,15736.0,441757.714285714
2014-09-01,1853285.71428571,19611.0,446126.0
2014-10-01,1892374.0,24941.1428571429,469268.0
2014-11-01,1830460.28571429,25663.8571428571,464342.0
2014-12-01,1901227.0,45982.1428571428,484360.714285714
2015-01-01,1732067.0,44902.8571428572,463400.857142857
2015-02-01,1654846.42857143,33137.1428571428,424634.714285714
2015-03-01,1942967.0,30768.1428571429,474940.714285715
2015-04-01,1873167.71428571,27995.8571428571,450253.428571429
2015-05-01,1937468.85714286,23523.8571428571,468415.571428571
2015-06-01,1911209.0,19065.0,458790.0
2015-07-01,1952895.0,17275.0,473914.0
2015-08-01,1865139.0,20030.0,455432.0
2015-09-01,1859979.0,25883.0,464195.0
2015-10-01,1923108.0,31582.0,479987.0
2015-11-01,1874235.0,34170.0,475564.0
2015-12-01,1867652.0,32939.0,487798.0
2016-01-01,1906920.42857143,51571.0,484833.0
2016-02-01,1870776.0,50066.0,462864.0
2016-03-01,2087553.0,53640.0,494076.0
2016-04-01,1867781.0,38632.0,460209.0
2016-05-01,2070340.0,38203.0,493191.0
2016-06-01,1958802.0,35300.0,480210.0
2016-07-01,2079034.0,37466.0,490221.0
2016-08-01,1932901.0,34253.0,470554.0
2016-09-01,1952464.0,35694.0,475808.0
2016-10-01,2001816.0,48816.0,492983.0
2016-11-01,1907871.0,52988.0,489326.0
2016-12-01,1944567.0,61729.0,497915.0
2017-01-01,1895272.0,79551.0,492273.0
2017-02-01,1735619.0,54491.0,447688.0
2017-03-01,2015834.0,42970.0,509805.0
2017-04-01,1949762.0,33923.0,471328.0
2017-05-01,2066789.0,40296.0,505843.0
2017-06-01,1994056.0,34476.0,491206.0
2017-07-01,2073944.0,37258.0,499259.0
2017-08-01,1924663.0,37164.0,486074.0
2017-09-01,1925961.0,42157.0,486799.0
2017-10-01,2044137.0,45500.0,513217.0
2017-11-01,1976971.0,48623.0,513019.0
2017-12-01,2003954.0,69086.0,520803.0
2018-01-01,2000086.0,81231.0,526045.0
2018-02-01,1820012.0,68712.0,476867.0
2018-03-01,2049785.0,76233.0,526066.0
2018-04-01,1984369.0,48004.0,503393.0
2018-05-01,2164458.0,39236.0,533457.0
2018-06-01,2093942.0,33750.0,513254.0
2018-07-01,2179896.0,42823.0,529932.0
2018-08-01,1997854.0,40214.0,517299.0
2018-09-01,2005695.0,44582.0,510322.0
2018-10-01,2079492.0,49014.0,546022.0
2018-11-01,2037847.0,54373.0,545357.0
2018-12-01,2047518.0,59805.0,544903.0
2019-01-01,2113413.0,83554.0,564035.0
2019-02-01,1954947.0,70815.0,505722.0
2019-03-01,2167551.0,59510.0,555457.0
2019-04-01,2112165.0,66933.0,535226.0
2019-05-01,2172006.0,61507.0,547382.0
2019-06-01,2107987.0,57671.0,528801.0
2019-07-01,2265050.0,58532.0,554069.0
2019-08-01,2125435.0,56498.0,529231.0
2019-09-01,2123345.0,64924.0,529903.0
2019-10-01,2170885.0,80091.0,563133.0
2019-11-01,2143505.0,88922.0,559556.0
2019-12-01,2180537.0,98461.0,560795.0
2020-01-01,2114709.0,100579.0,559058.0
2020-02-01,1969691.0,78646.0,510811.0
2020-03-01,1531801.0,51790.0,427968.0
2020-04-01,916575.0,15720.0,326581.0
2020-05-01,1261837.0,13457.0,398406.0
2020-06-01,1410602.0,17881.0,437601.0
2020-07-01,1588286.0,21025.0,473226.0
2020-08-01,1719003.0,32159.0,474225.0
2020-09-01,1693880.0,44996.0,479855.0
2020-10-01,1599347.0,66794.0,481846.0
2020-11-01,1485176.0,71041.0,453916.0
2020-12-01,1474674.0,89927.0,460260.0
2021-01-01,1310806.0,95695.0,445600.0
2021-02-01,1278091.0,57152.0,422424.0
2021-03-01,1691282.0,50972.0,503926.0
2021-04-01,1866232.0,48719.0,510262.0
2021-05-01,2075542.0,57308.0,543965.0
2021-06-01,2157132.0,66621.0,535402.0
2021-07-01,2160128.0,89762.0,532712.0
2021-08-01,2035967.0,96008.0,503886.0
2021-09-01,2127204.0,104873.0,507086.0
2021-10-01,2164802.0,121250.0,517183.0
2021-11-01,2037955.0,120744.0,506242.0
2021-12-01,1874642.0,120131.0,499055.0
2022-01-01,1875202.0,122433.0,484952.0
2022-02-01,1825363.0,114908.0,459952.0
2022-03-01,2174798.0,136298.0,514255.0
2022-04-01,2028796.0,131604.0,479779.0
2022-05-01,2233053.0,125318.0,517711.0
2022-06-01,2191691.0,130357.0,503048.0
2022-07-01,2181655.0,135819.0,497099.0
2022-08-01,1995679.0,130148.0,482009.0
2022-09-01,2008489.0,131572.0,487477.0
2022-10-01,2188028.0,150786.0,506847.0
2022-11-01,2178804.0,143672.0,515525.0
2022-12-01,2294079.0,170121.0,517444.0
2023-01-01,1968338.0,142210.0,508779.0
2023-02-01,1914279.0,126947.0,472856.0
2023-03-01,2165951.0,144308.0,532091.0
2023-04-01,2034040.0,113083.0,490473.0
2023-05-01,2245919.0,122427.0,528935.0
2023-06-01,2225726.0,113791.0,522723.0
2023-07-01,2199787.0,108240.0,534682.0
2023-08-01,2109861.0,118962.0,523881.0
2023-09-01,2170046.0,124956.0,521228.0
2023-10-01,2224320.0,143850.0,546871.0
2023-11-01,2167584.0,145934.0,544643.0
2023-12-01,2184918.0,148105.0,546143.0
2024-01-01,2230825.0,158735.0,556254.0
2024-02-01,2157822.0,139467.0,527343.0
2024-03-01,2370221.0,140195.0,567456.0
2024-04-01,2240668.0,134344.0,544113.0
2024-05-01,2416292.0,138770.0,564693.0
2024-06-01,2294065.0,128114.0,536884.0
2024-07-01,2324832.0,129330.0,552468.0
2024-08-01,2160791.0,116489.0,525633.0
2024-09-01,2214217.0,130632.0,530824.0
2024-10-01,2360536.0,148788.0,567448.0
2024-11-01,2314998.0,140782.0,552161.0
2024-12-01,2345934.0,154689.0,552592.0
2025-01-01,2218130.0,159582.0,548775.0
2025-02-01,2088071.0,131237.0,496095.0
2025-03-01,2389064.0,133957.0,551129.0
2025-04-01,2297421.0,131856.0,528230.0
2025-05-01,2397529.0,130035.0,545128.0
2025-06-01,2351581.0,118171.0,535941.0
2025-07-01,2408866.0,115542.0,559392.0
2025-08-01,2266937.0,115826.0,526399.0
2025-09-01,2310222.0,129004.0,535580.0
2025-10-01,2397701.0,142734.0,554193.0
2025-11-01,2345860.0,133799.0,531747.0
2025-12-01,2327015.0,137763.0,542195.0
